Wally Pesik,Data Structure,17
Sibley Mallabar,Data Structure,20
Jolie Packer,Data Structure,11
Stephen Tween,Data Structure,7
Sloan Rennebeck,Data Structure,12
Cora Greenhalf,Data Structure,14
Meta Cadwell,Data Structure,1
Natale Eastup,Data Structure,14
Dew Rodders,Data Structure,14
Ardyth Pietasch,Data Structure,11
Perry Prantoni,Data Structure,7
Gabi Placstone,Data Structure,10
Hobart Delves,Data Structure,17
Dorothee Gerholz,Data Structure,12
Bertha Collyer,Data Structure,3
Engracia Nudds,Data Structure,8
Elsa Lafond,Data Structure,3
Yettie Spores,Data Structure,10
Benjy Shovelin,Data Structure,11
Frankie Wilmington,Data Structure,7
Roxanne Muscroft,Data Structure,13
Laughton Cambden,Data Structure,19
Grayce Cathie,Data Structure,6
Ethel Schimke,Data Structure,20
Lorine Renac,Data Structure,2
Way Burdus,Data Structure,3
Carver Neve,Data Structure,16
Hilary Poytres,Data Structure,17
Ivory Daughton,Data Structure,18
Emalee Roscher,Data Structure,4
Jan Thorns,Data Structure,2
Herta Willis,Data Structure,12
Tito Ghirardi,Data Structure,15
Cecilius Whelband,Data Structure,3
Blithe Chippin,Data Structure,0
Jarrad De Lacey,Data Structure,1
Daffy Turn,Data Structure,5
Clementina Greenrodd,Data Structure,1
Gibb Yakhin,Data Structure,6
Junina Hemphall,Data Structure,11
Nancee Reynoollds,Data Structure,11
Gipsy Bourner,Data Structure,8
Germayne Mathieu,Data Structure,5
Myrah Eldred,Data Structure,8
Graham Pottes,Data Structure,18
Ertha Micheli,Data Structure,16
Burg Ruffler,Data Structure,2
Amara Kippling,Data Structure,0
Rawley Ferris,Data Structure,3
Kaine Antoniutti,Data Structure,12
Wilmette McCalister,Data Structure,10
Andrej McNern,Data Structure,15
Sosanna Parchment,Data Structure,20
Homere Ubsdale,Data Structure,2
Krishna Searle,Data Structure,10
Caryl Ashbey,Data Structure,3
Millisent Woolforde,Data Structure,7
Otha Maty,Data Structure,6
Husein Ridler,Data Structure,7
Melba Cussins,Data Structure,0
Olga Burburough,Data Structure,6
Diarmid Braund,Data Structure,5
Valenka Sillitoe,Data Structure,20
Rickard Dannett,Data Structure,4
Lek Orritt,Data Structure,4
Dasi Eaglestone,Data Structure,19
Opalina Meeson,Data Structure,12
Alexis Correa,Data Structure,6
Cristionna Rignoldes,Data Structure,8
Sandi Feltoe,Data Structure,6
Wyatan Franzoli,Data Structure,15
Vicki Escolme,Data Structure,8
Junia Evison,Data Structure,6
Hayes Budden,Data Structure,10
Ambrosius Fawdery,Data Structure,13
Berne Kimbly,Data Structure,1
Guss Hallgarth,Data Structure,13
Tomi Ianitti,Data Structure,16
Esme Walsh,Data Structure,10
Larry Calterone,Data Structure,14
Melisande Brik,Data Structure,17
Philis Muskett,Data Structure,13
Carissa Kaesmans,Data Structure,17
Luise Wheatcroft,Data Structure,20
Salomone Braithwait,Data Structure,10
Tatiania Flatte,Data Structure,9
Towney Tomaszek,Database,0
Wally Pesik,Database,2
Sibley Mallabar,Database,6
Jolie Packer,Database,12
Stephen Tween,Database,18
Sloan Rennebeck,Database,15
Lombard Hodjetts,Database,20
Cora Greenhalf,Database,4
Meta Cadwell,Database,16
Natale Eastup,Database,0
Dew Rodders,Database,13
Perry Prantoni,Database,7
Linnell Garie,Database,8
Merrick Attfield,Database,10
Gabi Placstone,Database,11
Hobart Delves,Database,1
Dorothee Gerholz,Database,11
Bertha Collyer,Database,19
Engracia Nudds,Database,6
Elsa Lafond,Database,12
Yettie Spores,Database,18
Benjy Shovelin,Database,0
Frankie Wilmington,Database,9
Roxanne Muscroft,Database,13
Grayce Cathie,Database,9
Ethel Schimke,Database,12
Lorine Renac,Database,19
Way Burdus,Database,20
Carver Neve,Database,20
Hilary Poytres,Database,18
Mead Cranham,Database,2
Ivory Daughton,Database,4
Emalee Roscher,Database,4
Jan Thorns,Database,7
Herta Willis,Database,1
Tito Ghirardi,Database,14
Norri Gouth,Database,4
Cecilius Whelband,Database,2
Blithe Chippin,Database,3
Jarrad De Lacey,Database,12
Daffy Turn,Database,18
Clementina Greenrodd,Database,6
Janela Ginglell,Database,1
Merry Gowans,Database,18
Gibb Yakhin,Database,20
Nancee Reynoollds,Database,19
Gipsy Bourner,Database,7
Germayne Mathieu,Database,0
Myrah Eldred,Database,0
Graham Pottes,Database,2
Burg Ruffler,Database,12
Amara Kippling,Database,14
Rawley Ferris,Database,5
Kaine Antoniutti,Database,4
Wilmette McCalister,Database,8
Andrej McNern,Database,1
Sosanna Parchment,Database,14
Homere Ubsdale,Database,0
Millisent Woolforde,Database,15
Husein Ridler,Database,3
Melba Cussins,Database,9
Olga Burburough,Database,15
Pietra Jacobsson,Database,8
Diarmid Braund,Database,14
Maible Sargood,Database,7
Valenka Sillitoe,Database,5
Rickard Dannett,Database,3
Lek Orritt,Database,4
Dasi Eaglestone,Database,12
Opalina Meeson,Database,19
Cristi Greveson,Database,5
Alexis Correa,Database,9
Cristionna Rignoldes,Database,7
Sandi Feltoe,Database,17
Vicki Escolme,Database,5
Junia Evison,Database,12
Hayes Budden,Database,10
Ambrosius Fawdery,Database,12
Guss Hallgarth,Database,2
Esme Walsh,Database,4
Larry Calterone,Database,7
Melisande Brik,Database,10
Orelia Corbie,Database,20
Philis Muskett,Database,16
Carissa Kaesmans,Database,20
Luise Wheatcroft,Database,4
Salomone Braithwait,Database,9
Tatiania Flatte,Database,15
Hailee Wrigglesworth,Database,17
Towney Tomaszek,Compiler,20
Wally Pesik,Compiler,16
Sibley Mallabar,Compiler,20
Jolie Packer,Compiler,12
Stephen Tween,Compiler,6
Sloan Rennebeck,Compiler,6
Lombard Hodjetts,Compiler,14
Cora Greenhalf,Compiler,10
Natale Eastup,Compiler,8
Dew Rodders,Compiler,0
Ardyth Pietasch,Compiler,3
Perry Prantoni,Compiler,15
Linnell Garie,Compiler,10
Merrick Attfield,Compiler,12
Gabi Placstone,Compiler,11
Hobart Delves,Compiler,2
Dorothee Gerholz,Compiler,0
Bertha Collyer,Compiler,2
Engracia Nudds,Compiler,12
Elsa Lafond,Compiler,9
Yettie Spores,Compiler,11
Benjy Shovelin,Compiler,18
Frankie Wilmington,Compiler,8
Roxanne Muscroft,Compiler,6
Laughton Cambden,Compiler,15
Grayce Cathie,Compiler,4
Ethel Schimke,Compiler,16
Lorine Renac,Compiler,20
Way Burdus,Compiler,3
Carver Neve,Compiler,4
Hilary Poytres,Compiler,4
Mead Cranham,Compiler,13
Ivory Daughton,Compiler,12
Emalee Roscher,Compiler,13
Jan Thorns,Compiler,5
Herta Willis,Compiler,15
Tito Ghirardi,Compiler,12
Cecilius Whelband,Compiler,0
Jarrad De Lacey,Compiler,1
Daffy Turn,Compiler,17
Clementina Greenrodd,Compiler,14
Janela Ginglell,Compiler,0
Merry Gowans,Compiler,2
Junina Hemphall,Compiler,16
Nancee Reynoollds,Compiler,13
Gipsy Bourner,Compiler,7
Germayne Mathieu,Compiler,12
Myrah Eldred,Compiler,15
Graham Pottes,Compiler,3
Ertha Micheli,Compiler,11
Amara Kippling,Compiler,3
Rawley Ferris,Compiler,18
Kaine Antoniutti,Compiler,20
Wilmette McCalister,Compiler,5
Homere Ubsdale,Compiler,6
Krishna Searle,Compiler,6
Caryl Ashbey,Compiler,2
Millisent Woolforde,Compiler,3
Otha Maty,Compiler,17
Husein Ridler,Compiler,14
Melba Cussins,Compiler,11
Olga Burburough,Compiler,19
Pietra Jacobsson,Compiler,6
Diarmid Braund,Compiler,20
Maible Sargood,Compiler,6
Valenka Sillitoe,Compiler,16
Rickard Dannett,Compiler,20
Lek Orritt,Compiler,11
Dasi Eaglestone,Compiler,16
Opalina Meeson,Compiler,9
Cristi Greveson,Compiler,1
Alexis Correa,Compiler,9
Cristionna Rignoldes,Compiler,9
Sandi Feltoe,Compiler,5
Wyatan Franzoli,Compiler,6
Vicki Escolme,Compiler,7
Junia Evison,Compiler,16
Hayes Budden,Compiler,4
Ambrosius Fawdery,Compiler,19
Berne Kimbly,Compiler,16
Guss Hallgarth,Compiler,6
Tomi Ianitti,Compiler,18
Esme Walsh,Compiler,7
Melisande Brik,Compiler,8
Orelia Corbie,Compiler,8
Philis Muskett,Compiler,20
Carissa Kaesmans,Compiler,12
Luise Wheatcroft,Compiler,2
Salomone Braithwait,Compiler,6
Tatiania Flatte,Compiler,17
Towney Tomaszek,Artificial Intelligence,4
Wally Pesik,Artificial Intelligence,16
Sibley Mallabar,Artificial Intelligence,1
Jolie Packer,Artificial Intelligence,15
Sloan Rennebeck,Artificial Intelligence,17
Lombard Hodjetts,Artificial Intelligence,18
Cora Greenhalf,Artificial Intelligence,14
Meta Cadwell,Artificial Intelligence,1
Natale Eastup,Artificial Intelligence,10
Dew Rodders,Artificial Intelligence,1
Ardyth Pietasch,Artificial Intelligence,19
Perry Prantoni,Artificial Intelligence,15
Linnell Garie,Artificial Intelligence,11
Merrick Attfield,Artificial Intelligence,19
Gabi Placstone,Artificial Intelligence,8
Hobart Delves,Artificial Intelligence,2
Dorothee Gerholz,Artificial Intelligence,14
Engracia Nudds,Artificial Intelligence,0
Elsa Lafond,Artificial Intelligence,1
Yettie Spores,Artificial Intelligence,17
Benjy Shovelin,Artificial Intelligence,1
Frankie Wilmington,Artificial Intelligence,9
Roxanne Muscroft,Artificial Intelligence,10
Laughton Cambden,Artificial Intelligence,4
Grayce Cathie,Artificial Intelligence,2
Ethel Schimke,Artificial Intelligence,9
Lorine Renac,Artificial Intelligence,12
Way Burdus,Artificial Intelligence,4
Hilary Poytres,Artificial Intelligence,11
Mead Cranham,Artificial Intelligence,6
Ivory Daughton,Artificial Intelligence,16
Emalee Roscher,Artificial Intelligence,13
Jan Thorns,Artificial Intelligence,0
Herta Willis,Artificial Intelligence,16
Tito Ghirardi,Artificial Intelligence,10
Norri Gouth,Artificial Intelligence,10
Cecilius Whelband,Artificial Intelligence,3
Blithe Chippin,Artificial Intelligence,12
Jarrad De Lacey,Artificial Intelligence,16
Daffy Turn,Artificial Intelligence,4
Clementina Greenrodd,Artificial Intelligence,17
Janela Ginglell,Artificial Intelligence,11
Merry Gowans,Artificial Intelligence,12
Gibb Yakhin,Artificial Intelligence,12
Junina Hemphall,Artificial Intelligence,0
Nancee Reynoollds,Artificial Intelligence,10
Gipsy Bourner,Artificial Intelligence,20
Germayne Mathieu,Artificial Intelligence,2
Myrah Eldred,Artificial Intelligence,13
Graham Pottes,Artificial Intelligence,1
Ertha Micheli,Artificial Intelligence,3
Burg Ruffler,Artificial Intelligence,20
Amara Kippling,Artificial Intelligence,19
Rawley Ferris,Artificial Intelligence,3
Kaine Antoniutti,Artificial Intelligence,9
Wilmette McCalister,Artificial Intelligence,12
Andrej McNern,Artificial Intelligence,17
Sosanna Parchment,Artificial Intelligence,1
Homere Ubsdale,Artificial Intelligence,13
Krishna Searle,Artificial Intelligence,0
Caryl Ashbey,Artificial Intelligence,9
Millisent Woolforde,Artificial Intelligence,16
Otha Maty,Artificial Intelligence,7
Husein Ridler,Artificial Intelligence,0
Olga Burburough,Artificial Intelligence,14
Pietra Jacobsson,Artificial Intelligence,1
Maible Sargood,Artificial Intelligence,1
Valenka Sillitoe,Artificial Intelligence,17
Rickard Dannett,Artificial Intelligence,17
Lek Orritt,Artificial Intelligence,14
Dasi Eaglestone,Artificial Intelligence,14
Cristi Greveson,Artificial Intelligence,16
Sandi Feltoe,Artificial Intelligence,15
Wyatan Franzoli,Artificial Intelligence,12
Vicki Escolme,Artificial Intelligence,3
Hayes Budden,Artificial Intelligence,8
Ambrosius Fawdery,Artificial Intelligence,7
Guss Hallgarth,Artificial Intelligence,18
Tomi Ianitti,Artificial Intelligence,2
Esme Walsh,Artificial Intelligence,5
Larry Calterone,Artificial Intelligence,0
Melisande Brik,Artificial Intelligence,18
Philis Muskett,Artificial Intelligence,19
Carissa Kaesmans,Artificial Intelligence,19
Luise Wheatcroft,Artificial Intelligence,14
Salomone Braithwait,Artificial Intelligence,19
Tatiania Flatte,Artificial Intelligence,14
Hailee Wrigglesworth,Artificial Intelligence,9
Towney Tomaszek,Operating System,13
Wally Pesik,Operating System,7
Sibley Mallabar,Operating System,8
Jolie Packer,Operating System,20
Stephen Tween,Operating System,1
Lombard Hodjetts,Operating System,16
Cora Greenhalf,Operating System,0
Natale Eastup,Operating System,10
Ardyth Pietasch,Operating System,14
Perry Prantoni,Operating System,13
Merrick Attfield,Operating System,0
Gabi Placstone,Operating System,14
Hobart Delves,Operating System,11
Dorothee Gerholz,Operating System,10
Bertha Collyer,Operating System,13
Engracia Nudds,Operating System,8
Yettie Spores,Operating System,5
Benjy Shovelin,Operating System,11
Frankie Wilmington,Operating System,2
Roxanne Muscroft,Operating System,9
Laughton Cambden,Operating System,6
Grayce Cathie,Operating System,4
Ethel Schimke,Operating System,18
Lorine Renac,Operating System,11
Way Burdus,Operating System,20
Carver Neve,Operating System,10
Hilary Poytres,Operating System,15
Mead Cranham,Operating System,1
Ivory Daughton,Operating System,10
Jan Thorns,Operating System,15
Herta Willis,Operating System,7
Tito Ghirardi,Operating System,1
Norri Gouth,Operating System,3
Cecilius Whelband,Operating System,8
Blithe Chippin,Operating System,10
Jarrad De Lacey,Operating System,12
Daffy Turn,Operating System,20
Clementina Greenrodd,Operating System,1
Merry Gowans,Operating System,16
Gibb Yakhin,Operating System,6
Junina Hemphall,Operating System,16
Nancee Reynoollds,Operating System,7
Gipsy Bourner,Operating System,20
Germayne Mathieu,Operating System,7
Myrah Eldred,Operating System,3
Graham Pottes,Operating System,4
Ertha Micheli,Operating System,6
Burg Ruffler,Operating System,20
Amara Kippling,Operating System,16
Kaine Antoniutti,Operating System,17
Wilmette McCalister,Operating System,9
Andrej McNern,Operating System,9
Homere Ubsdale,Operating System,17
Krishna Searle,Operating System,19
Caryl Ashbey,Operating System,12
Husein Ridler,Operating System,7
Melba Cussins,Operating System,7
Olga Burburough,Operating System,17
Pietra Jacobsson,Operating System,10
Diarmid Braund,Operating System,9
Maible Sargood,Operating System,14
Rickard Dannett,Operating System,1
Lek Orritt,Operating System,16
Dasi Eaglestone,Operating System,7
Opalina Meeson,Operating System,8
Alexis Correa,Operating System,13
Cristionna Rignoldes,Operating System,12
Sandi Feltoe,Operating System,17
Wyatan Franzoli,Operating System,9
Vicki Escolme,Operating System,14
Junia Evison,Operating System,10
Hayes Budden,Operating System,13
Ambrosius Fawdery,Operating System,13
Berne Kimbly,Operating System,20
Guss Hallgarth,Operating System,15
Tomi Ianitti,Operating System,13
Esme Walsh,Operating System,19
Melisande Brik,Operating System,11
Orelia Corbie,Operating System,6
Philis Muskett,Operating System,12
Carissa Kaesmans,Operating System,19
Luise Wheatcroft,Operating System,11
Salomone Braithwait,Operating System,2
Tatiania Flatte,Operating System,0
Hailee Wrigglesworth,Operating System,4